map_idx,method,step,coverage
95,diffusion,1,0.2852313221454025
95,diffusion,2,0.4384613041756769
95,diffusion,3,0.7027990131879511
95,diffusion,4,0.7919166692047634
95,diffusion,5,0.8870039289738982
95,diffusion,6,0.9667712362562056
95,baseline,1,0.2852313221454025
95,baseline,2,0.4378217037736424
95,baseline,3,0.5800261931593215
95,baseline,4,0.6650625894679134
95,baseline,5,0.8199677154082783
95,baseline,6,0.9710047817744343
187,diffusion,1,0.35270235980715553
187,diffusion,2,0.6523217457498097
187,diffusion,3,0.8527784826186248
187,diffusion,4,0.9761989342806394
187,baseline,1,0.35270235980715553
187,baseline,2,0.6523217457498097
187,baseline,3,0.8640954072570414
187,baseline,4,0.8693732555189039
187,baseline,5,0.9895458005582339
289,diffusion,1,0.15272076623513314
289,diffusion,2,0.21063572255552046
289,diffusion,3,0.29075886748763285
289,diffusion,4,0.4456373013367014
289,diffusion,5,0.4787390800968319
289,diffusion,6,0.6848226502473423
289,diffusion,7,0.7703925902536575
289,diffusion,8,0.783180717819177
289,diffusion,9,0.9050099989474792
289,diffusion,10,0.9417956004631092
289,diffusion,11,0.9790548363330176
289,baseline,1,0.15272076623513314
289,baseline,2,0.21063572255552046
289,baseline,3,0.28325965687822335
289,baseline,4,0.3240711504052205
289,baseline,5,0.4843437532891275
289,baseline,6,0.5780181033575413
289,baseline,7,0.6860067361330386
289,baseline,8,0.8070992527102411
289,baseline,9,0.8381223029154826
289,baseline,10,0.9591095674139565
516,diffusion,1,0.3002182744194507
516,diffusion,2,0.4656824107196993
516,diffusion,3,0.557751773479658
516,diffusion,4,0.7441945067604439
516,diffusion,5,0.8077669314254532
516,diffusion,6,0.8733098890438368
516,diffusion,7,0.9537682653246832
516,baseline,1,0.3002182744194507
516,baseline,2,0.34302431334505545
516,baseline,3,0.4418844358212575
516,baseline,4,0.5959194809919359
516,baseline,5,0.76753774328503
516,baseline,6,0.7704480688777057
516,baseline,7,0.8338385981931729
516,baseline,8,0.8339901776511247
516,baseline,9,0.9328199842357364
516,baseline,10,0.997150306190505
573,diffusion,1,0.21665637542451374
573,diffusion,2,0.41868632293917873
573,diffusion,3,0.49123958011732016
573,diffusion,4,0.6515128125964804
573,diffusion,5,0.6640166718122877
573,diffusion,6,0.7547082432849644
573,diffusion,7,0.7558660080271689
573,diffusion,8,0.7558660080271689
573,diffusion,9,0.8470592775548008
573,diffusion,10,0.8723371410929299
573,diffusion,11,0.9426520531028095
573,diffusion,12,0.9834053720284038
573,baseline,1,0.21665637542451374
573,baseline,2,0.3986955850571164
573,baseline,3,0.5036662550169806
573,baseline,4,0.5541447977770917
573,baseline,5,0.5541447977770917
573,baseline,6,0.5541447977770917
573,baseline,7,0.7311284347020686
573,baseline,8,0.7691417104044458
573,baseline,9,0.8607209015128126
573,baseline,10,0.8631136153133683
573,baseline,11,0.8646958937943809
573,baseline,12,0.8646958937943809
573,baseline,13,0.8646958937943809
573,baseline,14,0.8646958937943809
573,baseline,15,0.8646958937943809
573,baseline,16,0.8646958937943809
573,baseline,17,0.8646958937943809
573,baseline,18,0.8646958937943809
573,baseline,19,0.8646958937943809
573,baseline,20,0.8646958937943809
577,diffusion,1,0.22984815290473673
577,diffusion,2,0.45429477978393895
577,diffusion,3,0.6617435974918788
577,diffusion,4,0.6709224144443605
577,diffusion,5,0.7157966306564931
577,diffusion,6,0.853441112034449
577,diffusion,7,0.9746921507894538
577,baseline,1,0.22984815290473673
577,baseline,2,0.39559567877917956
577,baseline,3,0.4126690337689809
577,baseline,4,0.7411422527763089
577,baseline,5,0.811437636926796
577,baseline,6,0.9528971821409685
772,diffusion,1,0.14102855657710925
772,diffusion,2,0.38692700042233846
772,diffusion,3,0.6349371365452714
772,diffusion,4,0.670186153796173
772,diffusion,5,0.8587115428348656
772,diffusion,6,0.9538676456255483
772,baseline,1,0.14102855657710925
772,baseline,2,0.38692700042233846
772,baseline,3,0.6349371365452714
772,baseline,4,0.7944186348721614
772,baseline,5,0.8877879211201716
772,baseline,6,0.8904519021474286
772,baseline,7,0.9834963126604074
990,diffusion,1,0.28129553181155903
990,diffusion,2,0.5081653715395823
990,diffusion,3,0.7375242836328315
990,diffusion,4,0.9207139388052452
990,diffusion,5,0.9677331228751821
990,baseline,1,0.28129553181155903
990,baseline,2,0.4526772705196697
990,baseline,3,0.5968916949975717
990,baseline,4,0.6875910636231181
990,baseline,5,0.8703254006799417
990,baseline,6,0.9072668771248179
990,baseline,7,0.9777804759592035
1173,diffusion,1,0.2564221648137935
1173,diffusion,2,0.3372325912165104
1173,diffusion,3,0.574381004905518
1173,diffusion,4,0.8219790426983251
1173,diffusion,5,0.9519897825897652
1173,baseline,1,0.2564221648137935
1173,baseline,2,0.3372325912165104
1173,baseline,3,0.574381004905518
1173,baseline,4,0.7214594641664973
1173,baseline,5,0.8376534788540245
1173,baseline,6,0.976575425967316
1431,diffusion,1,0.262576653070285
1431,diffusion,2,0.4617497710813286
1431,diffusion,3,0.5510141790837704
1431,diffusion,4,0.6310108493576403
1431,diffusion,5,0.8168650628485807
1431,diffusion,6,0.8787702211493105
1431,diffusion,7,0.8792141846333139
1431,diffusion,8,0.8794361663753156
1431,diffusion,9,0.8924498460001665
1431,diffusion,10,0.8929770526374206
1431,diffusion,11,0.9221676517106469
1431,diffusion,12,0.9221676517106469
1431,diffusion,13,0.9221676517106469
1431,diffusion,14,0.9221676517106469
1431,diffusion,15,0.9221676517106469
1431,diffusion,16,0.9221676517106469
1431,diffusion,17,0.9221676517106469
1431,diffusion,18,0.9221676517106469
1431,diffusion,19,0.9221676517106469
1431,diffusion,20,0.9221676517106469
1431,baseline,1,0.262576653070285
1431,baseline,2,0.42112711229501376
1431,baseline,3,0.5436332861622132
1431,baseline,4,0.6314548128416437
1431,baseline,5,0.7054857237992175
1431,baseline,6,0.8808790476983268
1431,baseline,7,0.9279114292849413
1431,baseline,8,0.9304919670357114
1431,baseline,9,0.9308526873664641
1431,baseline,10,0.9308804350842144
1431,baseline,11,0.9314631371569688
1431,baseline,12,0.9317683620522212
1431,baseline,13,0.9317683620522212
1431,baseline,14,0.9317683620522212
1431,baseline,15,0.9317683620522212
1431,baseline,16,0.9317683620522212
1431,baseline,17,0.9317683620522212
1431,baseline,18,0.9317683620522212
1431,baseline,19,0.9317683620522212
1431,baseline,20,0.9317683620522212
1700,diffusion,1,0.2846982218883045
1700,diffusion,2,0.5720510894064613
1700,diffusion,3,0.7996994740796394
1700,diffusion,4,0.8783370899073378
1700,diffusion,5,0.8783871775607313
1700,diffusion,6,0.8852992737290258
1700,diffusion,7,0.9090909090909091
1700,diffusion,8,0.9092912597044829
1700,diffusion,9,0.9093914350112697
1700,diffusion,10,0.9093914350112697
1700,diffusion,11,0.9093914350112697
1700,diffusion,12,0.9093914350112697
1700,diffusion,13,0.9093914350112697
1700,diffusion,14,0.9093914350112697
1700,diffusion,15,0.9093914350112697
1700,diffusion,16,0.9093914350112697
1700,diffusion,17,0.9093914350112697
1700,diffusion,18,0.9093914350112697
1700,diffusion,19,0.9093914350112697
1700,diffusion,20,0.9093914350112697
1700,baseline,1,0.2846982218883045
1700,baseline,2,0.608564988730278
1700,baseline,3,0.7021287252692211
1700,baseline,4,0.8845980465815176
1700,baseline,5,0.9639368895567243
1703,diffusion,1,0.15581454269065112
1703,diffusion,2,0.2539903724347606
1703,diffusion,3,0.30235621991385864
1703,diffusion,4,0.4613123891563213
1703,diffusion,5,0.6755763871294654
1703,diffusion,6,0.8179630098809222
1703,diffusion,7,0.8997973144160122
1703,diffusion,8,0.9447428426653154
1703,diffusion,9,0.9511021028629338
1703,baseline,1,0.15581454269065112
1703,baseline,2,0.23711679756777299
1703,baseline,3,0.25188750950088673
1703,baseline,4,0.3475804408411452
1703,baseline,5,0.5935900684063846
1703,baseline,6,0.6671395996959716
1703,baseline,7,0.8158094755510514
1703,baseline,8,0.9174309602229541
1703,baseline,9,0.9552571573346845
1747,diffusion,1,0.2800483675937122
1747,diffusion,2,0.48498186215235795
1747,diffusion,3,0.6088512696493349
1747,diffusion,4,0.9550665054413543
1747,baseline,1,0.2800483675937122
1747,baseline,2,0.4392261185006046
1747,baseline,3,0.5854897218863362
1747,baseline,4,0.9368319226118501
1747,baseline,5,0.9826360338573156
1823,diffusion,1,0.12986358782163654
1823,diffusion,2,0.23399625219125914
1823,diffusion,3,0.35370448729573434
1823,diffusion,4,0.42263595881440286
1823,diffusion,5,0.5404098410203712
1823,diffusion,6,0.6615285417800076
1823,diffusion,7,0.7192165870761047
1823,diffusion,8,0.817022305506861
1823,diffusion,9,0.9198855507868383
1823,diffusion,10,0.9651010497894377
1823,baseline,1,0.12986358782163654
1823,baseline,2,0.23399625219125914
1823,baseline,3,0.35370448729573434
1823,baseline,4,0.42263595881440286
1823,baseline,5,0.5404098410203712
1823,baseline,6,0.6813959580084225
1823,baseline,7,0.7856092204154829
1823,baseline,8,0.8939934312599488
1823,baseline,9,0.9429567390034053
1823,baseline,10,0.970299623204175
2051,diffusion,1,0.09606314370969295
2051,diffusion,2,0.12400134757917028
2051,diffusion,3,0.27324574068726537
2051,diffusion,4,0.4138030609298296
2051,diffusion,5,0.5142939647704302
2051,diffusion,6,0.6973481567042064
2051,diffusion,7,0.7434064876311484
2051,diffusion,8,0.8617528154779093
2051,diffusion,9,0.9374338242371739
2051,diffusion,10,0.9990615073635576
2051,baseline,1,0.09606314370969295
2051,baseline,2,0.12400134757917028
2051,baseline,3,0.27324574068726537
2051,baseline,4,0.4138030609298296
2051,baseline,5,0.5142939647704302
2051,baseline,6,0.6168062373664452
2051,baseline,7,0.7833044566368275
2051,baseline,8,0.955770526518433
2553,diffusion,1,0.28385935591695055
2553,diffusion,2,0.3617985472777528
2553,diffusion,3,0.44578003471106253
2553,diffusion,4,0.5368644340168413
2553,diffusion,5,0.5829851513788006
2553,diffusion,6,0.6026547534871762
2553,diffusion,7,0.7022883589380986
2553,diffusion,8,0.7022883589380986
2553,diffusion,9,0.7022883589380986
2553,diffusion,10,0.7022883589380986
2553,diffusion,11,0.7022883589380986
2553,diffusion,12,0.7022883589380986
2553,diffusion,13,0.7022883589380986
2553,diffusion,14,0.7022883589380986
2553,diffusion,15,0.7022883589380986
2553,diffusion,16,0.7022883589380986
2553,diffusion,17,0.7022883589380986
2553,diffusion,18,0.7022883589380986
2553,diffusion,19,0.7022883589380986
2553,diffusion,20,0.7022883589380986
2553,baseline,1,0.28385935591695055
2553,baseline,2,0.35594909044160183
2553,baseline,3,0.3715369287137623
2553,baseline,4,0.5306292987079771
2553,baseline,5,0.5346467827987401
2553,baseline,6,0.5695185447065629
2553,baseline,7,0.6530179340489811
2553,baseline,8,0.714790769428553
2553,baseline,9,0.714790769428553
2553,baseline,10,0.7313106640097705
2553,baseline,11,0.7314070836279488
2553,baseline,12,0.7314070836279488
2553,baseline,13,0.7314070836279488
2553,baseline,14,0.7314070836279488
2553,baseline,15,0.7314070836279488
2553,baseline,16,0.7314070836279488
2553,baseline,17,0.7314070836279488
2553,baseline,18,0.7314070836279488
2553,baseline,19,0.7314070836279488
2553,baseline,20,0.7314070836279488
2628,diffusion,1,0.19003028445088532
2628,diffusion,2,0.33491258383962247
2628,diffusion,3,0.47801125912713893
2628,diffusion,4,0.6137524849971202
2628,diffusion,5,0.7409657581331401
2628,diffusion,6,0.830332757371384
2628,diffusion,7,0.8915519387622391
2628,diffusion,8,0.9351020939003771
2628,diffusion,9,0.9675974954944913
2628,baseline,1,0.19003028445088532
2628,baseline,2,0.33491258383962247
2628,baseline,3,0.47801125912713893
2628,baseline,4,0.6137524849971202
2628,baseline,5,0.7409657581331401
2628,baseline,6,0.830332757371384
2628,baseline,7,0.8908830797242815
2628,baseline,8,0.9344703936978616
2628,baseline,9,0.9696598108615276
2727,diffusion,1,0.2077596204533474
2727,diffusion,2,0.3719557195571956
2727,diffusion,3,0.5022245651027939
2727,diffusion,4,0.6343700579862942
2727,diffusion,5,0.733494992092778
2727,diffusion,6,0.8269478123352663
2727,diffusion,7,0.8468950975224038
2727,diffusion,8,0.8679810226673695
2727,diffusion,9,0.905239852398524
2727,diffusion,10,0.9479388508170796
2727,diffusion,11,0.9598523985239853
2727,baseline,1,0.2077596204533474
2727,baseline,2,0.34802319451765945
2727,baseline,3,0.49984185556141275
2727,baseline,4,0.6402952029520296
2727,baseline,5,0.6872113863995782
2727,baseline,6,0.7857670005271481
2727,baseline,7,0.8479493937796521
2727,baseline,8,0.8869372693726937
2727,baseline,9,0.8992514496573537
2727,baseline,10,0.9228676858197153
2727,baseline,11,0.9546230890880337
2778,diffusion,1,0.24022640978765294
2778,diffusion,2,0.43408100126564475
2778,diffusion,3,0.7227886373224581
2778,diffusion,4,0.7818872169877654
2778,diffusion,5,0.803262550977359
2778,diffusion,6,0.9402685979468429
2778,diffusion,7,0.9650541414709605
2778,baseline,1,0.24022640978765294
2778,baseline,2,0.43408100126564475
2778,baseline,3,0.6273730839544368
2778,baseline,4,0.6478343411615807
2778,baseline,5,0.8101181268457319
2778,baseline,6,0.9770074532414569
2811,diffusion,1,0.10676003734827265
2811,diffusion,2,0.26795518207282915
2811,diffusion,3,0.41514472455648926
2811,diffusion,4,0.5606162464985994
2811,diffusion,5,0.6710177404295051
2811,diffusion,6,0.7692997198879552
2811,diffusion,7,0.8385247432306255
2811,diffusion,8,0.9224276377217554
2811,diffusion,9,0.9560597572362278
2811,baseline,1,0.10676003734827265
2811,baseline,2,0.26795518207282915
2811,baseline,3,0.41337068160597573
2811,baseline,4,0.5604855275443511
2811,baseline,5,0.6960224089635855
2811,baseline,6,0.7848366013071896
2811,baseline,7,0.8951073762838468
2811,baseline,8,0.9612885154061624
2892,diffusion,1,0.358158619526727
2892,diffusion,2,0.5681524366252599
2892,diffusion,3,0.6938901691866675
2892,diffusion,4,0.811533921645776
2892,diffusion,5,0.9325501658141757
2892,diffusion,6,0.9326063740093306
2892,diffusion,7,0.9392951492327581
2892,diffusion,8,0.9395761902085324
2892,diffusion,9,0.9395761902085324
2892,diffusion,10,0.9395761902085324
2892,diffusion,11,0.9395761902085324
2892,diffusion,12,0.9395761902085324
2892,diffusion,13,0.9395761902085324
2892,diffusion,14,0.9980889213647349
2892,baseline,1,0.358158619526727
2892,baseline,2,0.5681524366252599
2892,baseline,3,0.6938901691866675
2892,baseline,4,0.8147377887696026
2892,baseline,5,0.9327187903996402
2892,baseline,6,0.937440278792648
2892,baseline,7,0.9989320442920577
2942,diffusion,1,0.38143014301430145
2942,diffusion,2,0.5867986798679868
2942,diffusion,3,0.695049504950495
2942,diffusion,4,0.731001100110011
2942,diffusion,5,0.8246424642464246
2942,diffusion,6,0.8360836083608361
2942,diffusion,7,0.8830803080308031
2942,diffusion,8,0.9445544554455445
2942,diffusion,9,0.9445544554455445
2942,diffusion,10,0.9445544554455445
2942,diffusion,11,0.9445544554455445
2942,diffusion,12,0.9445544554455445
2942,diffusion,13,0.9445544554455445
2942,diffusion,14,0.9445544554455445
2942,diffusion,15,0.9445544554455445
2942,diffusion,16,0.9445544554455445
2942,diffusion,17,0.9445544554455445
2942,diffusion,18,0.9445544554455445
2942,diffusion,19,0.9445544554455445
2942,diffusion,20,0.9445544554455445
2942,baseline,1,0.38143014301430145
2942,baseline,2,0.45196919691969195
2942,baseline,3,0.5893509350935093
2942,baseline,4,0.7968316831683169
2942,baseline,5,0.8947414741474148
2942,baseline,6,0.9631683168316831
3121,diffusion,1,0.3494971264367816
3121,diffusion,2,0.5929418103448276
3121,diffusion,3,0.819683908045977
3121,diffusion,4,0.923895474137931
3121,diffusion,5,0.9900772270114943
3121,baseline,1,0.3494971264367816
3121,baseline,2,0.5569773706896551
3121,baseline,3,0.7268767959770115
3121,baseline,4,0.9405531609195402
3121,baseline,5,0.9925017959770115
3181,diffusion,1,0.09221418841035314
3181,diffusion,2,0.1042858639840721
3181,diffusion,3,0.13157288064549932
3181,diffusion,4,0.19647909462433197
3181,diffusion,5,0.32884837053337523
3181,diffusion,6,0.377931468091795
3181,diffusion,7,0.47027140312270777
3181,diffusion,8,0.4988997170701037
3181,diffusion,9,0.7659226658283559
3181,diffusion,10,0.8643193964162214
3181,diffusion,11,0.9222885884941843
3181,diffusion,12,0.9225400817353033
3181,diffusion,13,0.9842187991197736
3181,baseline,1,0.09221418841035314
3181,baseline,2,0.1042858639840721
3181,baseline,3,0.13157288064549932
3181,baseline,4,0.19647909462433197
3181,baseline,5,0.32884837053337523
3181,baseline,6,0.377931468091795
3181,baseline,7,0.47027140312270777
3181,baseline,8,0.6045268783401446
3181,baseline,9,0.7464948129519019
3181,baseline,10,0.8098082364036466
3181,baseline,11,0.8772293827936708
3181,baseline,12,0.9725034056376402
3699,diffusion,1,0.21510950605778192
3699,diffusion,2,0.4146668219944082
3699,diffusion,3,0.62409715750233
3699,diffusion,4,0.8462837837837838
3699,diffusion,5,0.9178122087604846
3699,diffusion,6,0.947081780055918
3699,diffusion,7,0.9924568965517241
3699,baseline,1,0.21510950605778192
3699,baseline,2,0.3858049860205033
3699,baseline,3,0.5073392357875116
3699,baseline,4,0.619408201304753
3699,baseline,5,0.7855020969245107
3699,baseline,6,0.8202760950605779
3699,baseline,7,0.910472972972973
3699,baseline,8,0.9897192451071761
4034,diffusion,1,0.26145023768203424
4034,diffusion,2,0.47955179959254507
4034,diffusion,3,0.6419678563344149
4034,diffusion,4,0.838904399003999
4034,diffusion,5,0.9259035690032446
4034,diffusion,6,0.9905681732437939
4034,baseline,1,0.26145023768203424
4034,baseline,2,0.410963555421414
4034,baseline,3,0.532256847506225
4034,baseline,4,0.6332528484116804
4034,baseline,5,0.825586659624236
4034,baseline,6,0.8313589375990342
4034,baseline,7,0.9325813023466385
4034,baseline,8,0.9338263034784577
4034,baseline,9,0.9571417792197993
4186,diffusion,1,0.18033892589157743
4186,diffusion,2,0.33122558525138407
4186,diffusion,3,0.4322007700306326
4186,diffusion,4,0.5425062529859764
4186,diffusion,5,0.7157350420144452
4186,diffusion,6,0.7738245791529663
4186,diffusion,7,0.9252452013602
4186,diffusion,8,0.9420228760925161
4186,diffusion,9,0.9815361268021247
4186,baseline,1,0.18033892589157743
4186,baseline,2,0.33122558525138407
4186,baseline,3,0.4322007700306326
4186,baseline,4,0.5987409718123823
4186,baseline,5,0.6605120422673749
4186,baseline,6,0.6781890228479892
4186,baseline,7,0.8339094511423994
4186,baseline,8,0.9946603715257286
4346,diffusion,1,0.13869029343392253
4346,diffusion,2,0.16360366682749244
4346,diffusion,3,0.32843545769551297
4346,diffusion,4,0.4041405324794947
4346,diffusion,5,0.4537699021886925
4346,diffusion,6,0.5895653318127988
4346,diffusion,7,0.5960568445984473
4346,diffusion,8,0.6128119654370806
4346,diffusion,9,0.6257291986490635
4346,diffusion,10,0.6343479977191983
4346,diffusion,11,0.6343479977191983
4346,diffusion,12,0.6343479977191983
4346,diffusion,13,0.6343479977191983
4346,diffusion,14,0.6343479977191983
4346,diffusion,15,0.6343479977191983
4346,diffusion,16,0.6343479977191983
4346,diffusion,17,0.6343479977191983
4346,diffusion,18,0.6343479977191983
4346,diffusion,19,0.6343479977191983
4346,diffusion,20,0.6343479977191983
4346,baseline,1,0.13869029343392253
4346,baseline,2,0.16360366682749244
4346,baseline,3,0.3081275494539234
4346,baseline,4,0.43063292249660073
4346,baseline,5,0.5617132330365366
4346,baseline,6,0.6083161542172902
4346,baseline,7,0.6207289793411992
4346,baseline,8,0.6207947717005132
4346,baseline,9,0.6218913110224132
4346,baseline,10,0.6389973244440545
4346,baseline,11,0.6391727707355586
4346,baseline,12,0.6391947015219965
4346,baseline,13,0.6391947015219965
4346,baseline,14,0.6391947015219965
4346,baseline,15,0.6391947015219965
4346,baseline,16,0.6391947015219965
4346,baseline,17,0.6391947015219965
4346,baseline,18,0.6391947015219965
4346,baseline,19,0.6391947015219965
4346,baseline,20,0.6391947015219965
4646,diffusion,1,0.19139735480161013
4646,diffusion,2,0.259850488786659
4646,diffusion,3,0.34981023576768255
4646,diffusion,4,0.3983668775158137
4646,diffusion,5,0.4846233467510063
4646,diffusion,6,0.5299827487061529
4646,diffusion,7,0.6782748706152961
4646,diffusion,8,0.7113743530764808
4646,diffusion,9,0.9085451408855664
4646,diffusion,10,0.9383783783783783
4646,diffusion,11,0.95401955146636
4646,baseline,1,0.19139735480161013
4646,baseline,2,0.259850488786659
4646,baseline,3,0.34981023576768255
4646,baseline,4,0.3983668775158137
4646,baseline,5,0.4846233467510063
4646,baseline,6,0.5299827487061529
4646,baseline,7,0.5597469810235768
4646,baseline,8,0.6810120759056929
4646,baseline,9,0.7631972397929845
4646,baseline,10,0.7667395054629097
4646,baseline,11,0.9775733179988499
4727,diffusion,1,0.40531932726155223
4727,diffusion,2,0.6749175839526178
4727,diffusion,3,0.8926076996144605
4727,diffusion,4,0.9759177515784768
4727,baseline,1,0.40531932726155223
4727,baseline,2,0.6749175839526178
4727,baseline,3,0.7559926244622004
4727,baseline,4,0.7805777504609711
4727,baseline,5,0.7810247527518579
4727,baseline,6,0.9994412471363916
5224,diffusion,1,0.1719521429653188
5224,diffusion,2,0.20799636528850524
5224,diffusion,3,0.2109041344843253
5224,diffusion,4,0.21347872179312433
5224,diffusion,5,0.5459033772527639
5224,diffusion,6,0.584037558685446
5224,diffusion,7,0.5922762380736029
5224,diffusion,8,0.8049674390428593
5224,diffusion,9,0.8744207178555202
5224,diffusion,10,0.8868393154626685
5224,diffusion,11,0.9463577161896107
5224,diffusion,12,0.9478116007875208
5224,diffusion,13,0.9789792518552173
5224,baseline,1,0.1719521429653188
5224,baseline,2,0.2163259124640315
5224,baseline,3,0.4699076177495078
5224,baseline,4,0.6103892170225655
5224,baseline,5,0.7692261093442375
5224,baseline,6,0.7720127214902317
5224,baseline,7,0.8155081023777071
5224,baseline,8,0.8627593518097835
5224,baseline,9,0.9173708920187793
5224,baseline,10,0.9583219748599121
5265,diffusion,1,0.3799022964890654
5265,diffusion,2,0.5223485367301283
5265,diffusion,3,0.6484956398666849
5265,diffusion,4,0.6870291740857417
5265,diffusion,5,0.9140300415468201
5265,diffusion,6,0.9192348080171666
5265,diffusion,7,0.9650732776332009
5265,baseline,1,0.3799022964890654
5265,baseline,2,0.46628315755832533
5265,baseline,3,0.5444916221522166
5265,baseline,4,0.6316486326074053
5265,baseline,5,0.8910651508925718
5265,baseline,6,0.9659863945578231
6122,diffusion,1,0.16773397114420183
6122,diffusion,2,0.3907877478589615
6122,diffusion,3,0.6542705038191498
6122,diffusion,4,0.8212715068281768
6122,diffusion,5,0.8846153846153846
6122,diffusion,6,0.893449579507754
6122,diffusion,7,0.9086490239950621
6122,diffusion,8,0.954864593781344
6122,baseline,1,0.16773397114420183
6122,baseline,2,0.3907877478589615
6122,baseline,3,0.48399043283697246
6122,baseline,4,0.7218578813363167
6122,baseline,5,0.7891366406913047
6122,baseline,6,0.810971375665458
6122,baseline,7,0.8124373119358074
6122,baseline,8,0.9262016819689839
6122,baseline,9,0.9990355682431911
6140,diffusion,1,0.1294686487320611
6140,diffusion,2,0.19546319633763695
6140,diffusion,3,0.3441181009207345
6140,diffusion,4,0.3771925312483926
6140,diffusion,5,0.5128851396533101
6140,diffusion,6,0.5701352811069389
6140,diffusion,7,0.7059822025615966
6140,diffusion,8,0.735224525487372
6140,diffusion,9,0.7559796306774342
6140,diffusion,10,0.7688390514891209
6140,diffusion,11,0.7781749909984055
6140,diffusion,12,0.7782007098400288
6140,diffusion,13,0.7782264286816521
6140,diffusion,14,0.7782264286816521
6140,diffusion,15,0.7782264286816521
6140,diffusion,16,0.7782264286816521
6140,diffusion,17,0.7782264286816521
6140,diffusion,18,0.7782264286816521
6140,diffusion,19,0.7782264286816521
6140,diffusion,20,0.7782264286816521
6140,baseline,1,0.1294686487320611
6140,baseline,2,0.2139036057815956
6140,baseline,3,0.33822848618898205
6140,baseline,4,0.40283421634689576
6140,baseline,5,0.5580988632272003
6140,baseline,6,0.5693894346998611
6140,baseline,7,0.7274574353171133
6140,baseline,8,0.7457692505529551
6140,baseline,9,0.7599403322874337
6140,baseline,10,0.7723368139498997
6140,baseline,11,0.7730569415153542
6140,baseline,12,0.7732112545650944
6140,baseline,13,0.7732112545650944
6140,baseline,14,0.7732112545650944
6140,baseline,15,0.7732112545650944
6140,baseline,16,0.7732112545650944
6140,baseline,17,0.7732112545650944
6140,baseline,18,0.7732112545650944
6140,baseline,19,0.7732112545650944
6140,baseline,20,0.7732112545650944
6481,diffusion,1,0.1434994103773585
6481,diffusion,2,0.2591637185534591
6481,diffusion,3,0.39649665880503143
6481,diffusion,4,0.4167895047169811
6481,diffusion,5,0.4879618710691824
6481,diffusion,6,0.5617875393081762
6481,diffusion,7,0.6504029088050315
6481,diffusion,8,0.7200766509433962
6481,diffusion,9,0.7585986635220126
6481,diffusion,10,0.8766951650943396
6481,diffusion,11,0.9044319968553459
6481,diffusion,12,0.9169860455974843
6481,diffusion,13,0.9899272798742138
6481,baseline,1,0.1434994103773585
6481,baseline,2,0.2591637185534591
6481,baseline,3,0.39649665880503143
6481,baseline,4,0.45076650943396224
6481,baseline,5,0.5241990959119497
6481,baseline,6,0.5797710298742138
6481,baseline,7,0.6789013364779874
6481,baseline,8,0.7604658018867925
6481,baseline,9,0.7633647798742138
6481,baseline,10,0.7636595911949685
6481,baseline,11,0.7636841588050315
6481,baseline,12,0.8531839622641509
6481,baseline,13,0.8567954009433962
6481,baseline,14,0.9137431210691824
6481,baseline,15,0.9857016509433962
6866,diffusion,1,0.12805293005671078
6866,diffusion,2,0.2322117202268431
6866,diffusion,3,0.6104725897920605
6866,diffusion,4,0.6671833648393195
6866,diffusion,5,0.7318714555765595
6866,diffusion,6,0.8308884688090737
6866,diffusion,7,0.8975047258979206
6866,diffusion,8,0.9022306238185255
6866,diffusion,9,0.9556899810964083
6866,baseline,1,0.12805293005671078
6866,baseline,2,0.18888468809073725
6866,baseline,3,0.44325141776937615
6866,baseline,4,0.6726275992438563
6866,baseline,5,0.6760302457466919
6866,baseline,6,0.8542533081285444
6866,baseline,7,0.9396975425330812
6866,baseline,8,0.9748582230623819
6957,diffusion,1,0.24691760224538895
6957,diffusion,2,0.44120890136327184
6957,diffusion,3,0.6342221331194867
6957,diffusion,4,0.7743083400160385
6957,diffusion,5,0.8832949077786688
6957,diffusion,6,0.9612820769847634
6957,baseline,1,0.24691760224538895
6957,baseline,2,0.40549819566960704
6957,baseline,3,0.5402215316760225
6957,baseline,4,0.6820870088211708
6957,baseline,5,0.8510926222935045
6957,baseline,6,0.9166248997594226
6957,baseline,7,0.9732608259823576
6995,diffusion,1,0.16194392047983383
6995,diffusion,2,0.30424093423478793
6995,diffusion,3,0.4587881228408537
6995,diffusion,4,0.622130852213721
6995,diffusion,5,0.7495284318504546
6995,diffusion,6,0.8790242248267385
6995,diffusion,7,0.9792933895682767
6995,baseline,1,0.16194392047983383
6995,baseline,2,0.2823050675031261
6995,baseline,3,0.41461967233961383
6995,baseline,4,0.5536739927516267
6995,baseline,5,0.724922111777547
6995,baseline,6,0.8251912765190853
6995,baseline,7,0.8965729182120679
6995,baseline,8,0.9733590488099527
7955,diffusion,1,0.2109888459082886
7955,diffusion,2,0.3620760881811695
7955,diffusion,3,0.5273594471776768
7955,diffusion,4,0.8156758177789462
7955,diffusion,5,0.9404739550080745
7955,diffusion,6,0.9799451684380516
7955,baseline,1,0.2109888459082886
7955,baseline,2,0.3620760881811695
7955,baseline,3,0.5242423104367747
7955,baseline,4,0.8566868216472002
7955,baseline,5,0.8816614714387652
7955,baseline,6,0.8991625042250347
7955,baseline,7,0.9539565103090848
8080,diffusion,1,0.10695395465168724
8080,diffusion,2,0.16901061954159663
8080,diffusion,3,0.2217803107958506
8080,diffusion,4,0.3731190290704826
8080,diffusion,5,0.5000205010455533
8080,diffusion,6,0.5752798392718028
8080,diffusion,7,0.7271925868219279
8080,diffusion,8,0.8363196523022675
8080,diffusion,9,0.8801098856041658
8080,diffusion,10,0.9559022510148018
8080,baseline,1,0.10695395465168724
8080,baseline,2,0.16901061954159663
8080,baseline,3,0.2217803107958506
8080,baseline,4,0.3790643322809463
8080,baseline,5,0.49704784944032143
8080,baseline,6,0.5731272294887039
8080,baseline,7,0.643404813645496
8080,baseline,8,0.6712657345524622
8080,baseline,9,0.6719832711468285
8080,baseline,10,0.6819467792857435
8080,baseline,11,0.6890196400016401
8080,baseline,12,0.7188486612817254
8080,baseline,13,0.8765427036778876
8080,baseline,14,0.9653122309237772
8082,diffusion,1,0.11660133605697565
8082,diffusion,2,0.24824711533152985
8082,diffusion,3,0.40548225031745155
8082,diffusion,4,0.6674487936840943
8082,diffusion,5,0.7656379396013913
8082,diffusion,6,0.8097499033843096
8082,diffusion,7,0.8471815822889637
8082,diffusion,8,0.8837575222216087
8082,diffusion,9,0.9177662452382267
8082,diffusion,10,0.9738861591122399
8082,baseline,1,0.11660133605697565
8082,baseline,2,0.24824711533152985
8082,baseline,3,0.36473803345663336
8082,baseline,4,0.5237398553525092
8082,baseline,5,0.6646883453872909
8082,baseline,6,0.8512946502512008
8082,baseline,7,0.9260751946116049
8082,baseline,8,0.9564953348423784
8385,diffusion,1,0.11155098090965074
8385,diffusion,2,0.2361514325093106
8385,diffusion,3,0.5415970206152312
8385,diffusion,4,0.6024163514266444
8385,diffusion,5,0.6371953901645113
8385,diffusion,6,0.7891557432333363
8385,diffusion,7,0.83255623002258
8385,diffusion,8,0.8388903551215506
8385,diffusion,9,0.8394475235330342
8385,diffusion,10,0.8564851470631359
8385,diffusion,11,0.8769830796750828
8385,diffusion,12,0.8770417289815547
8385,diffusion,13,0.8770417289815547
8385,diffusion,14,0.8770417289815547
8385,diffusion,15,0.8770417289815547
8385,diffusion,16,0.8770417289815547
8385,diffusion,17,0.8770417289815547
8385,diffusion,18,0.8770417289815547
8385,diffusion,19,0.8770417289815547
8385,diffusion,20,0.8770417289815547
8385,baseline,1,0.11155098090965074
8385,baseline,2,0.2361514325093106
8385,baseline,3,0.5132987302425149
8385,baseline,4,0.6200404680214656
8385,baseline,5,0.620802909005601
8385,baseline,6,0.7552857687457846
8385,baseline,7,0.8359285651447171
8385,baseline,8,0.836133837717369
8385,baseline,9,0.8717339667458432
8385,baseline,10,0.8722324858508548
8385,baseline,11,0.8727896542623383
8385,baseline,12,0.8727896542623383
8385,baseline,13,0.8727896542623383
8385,baseline,14,0.8727896542623383
8385,baseline,15,0.8727896542623383
8385,baseline,16,0.8727896542623383
8385,baseline,17,0.8727896542623383
8385,baseline,18,0.8727896542623383
8385,baseline,19,0.8727896542623383
8385,baseline,20,0.8727896542623383
