map_idx,lidar,method,step,coverage
968,30,diffusion,1,0.07584549356223176
968,30,diffusion,2,0.08422317596566524
968,30,diffusion,3,0.08841201716738198
968,30,diffusion,4,0.09050643776824034
968,30,diffusion,5,0.09050643776824034
968,30,diffusion,6,0.09050643776824034
968,30,diffusion,7,0.09050643776824034
968,30,diffusion,8,0.09050643776824034
968,30,diffusion,9,0.09050643776824034
968,30,diffusion,10,0.09050643776824034
968,30,diffusion,11,0.09050643776824034
968,30,diffusion,12,0.09050643776824034
968,30,diffusion,13,0.09050643776824034
968,30,diffusion,14,0.09050643776824034
968,30,diffusion,15,0.09050643776824034
968,30,diffusion,16,0.09050643776824034
968,30,diffusion,17,0.09050643776824034
968,30,diffusion,18,0.09050643776824034
968,30,diffusion,19,0.09050643776824034
968,30,diffusion,20,0.09050643776824034
968,30,baseline,1,0.07584549356223176
968,30,baseline,2,0.08422317596566524
968,30,baseline,3,0.08841201716738198
968,30,baseline,4,0.09050643776824034
968,30,baseline,5,0.09050643776824034
968,30,baseline,6,0.09050643776824034
968,30,baseline,7,0.09050643776824034
968,30,baseline,8,0.09050643776824034
968,30,baseline,9,0.09050643776824034
968,30,baseline,10,0.09050643776824034
968,30,baseline,11,0.09050643776824034
968,30,baseline,12,0.09050643776824034
968,30,baseline,13,0.09050643776824034
968,30,baseline,14,0.09050643776824034
968,30,baseline,15,0.09050643776824034
968,30,baseline,16,0.09050643776824034
968,30,baseline,17,0.09050643776824034
968,30,baseline,18,0.09050643776824034
968,30,baseline,19,0.09050643776824034
968,30,baseline,20,0.09050643776824034
968,50,diffusion,1,0.17864377682403434
968,50,diffusion,2,0.3085321888412017
968,50,diffusion,3,0.4530128755364807
968,50,diffusion,4,0.6113304721030043
968,50,diffusion,5,0.687656652360515
968,50,diffusion,6,0.7694420600858369
968,50,diffusion,7,0.7697854077253219
968,50,diffusion,8,0.8288068669527897
968,50,diffusion,9,0.8958969957081545
968,50,diffusion,10,0.9388154506437768
968,50,diffusion,11,0.9716738197424892
968,50,baseline,1,0.17864377682403434
968,50,baseline,2,0.3092188841201717
968,50,baseline,3,0.3873304721030043
968,50,baseline,4,0.49551931330472104
968,50,baseline,5,0.6264721030042918
968,50,baseline,6,0.7072961373390558
968,50,baseline,7,0.7198283261802575
968,50,baseline,8,0.9870557939914163
968,70,diffusion,1,0.3067811158798283
968,70,diffusion,2,0.4364291845493562
968,70,diffusion,3,0.6862489270386266
968,70,diffusion,4,0.7809442060085837
968,70,diffusion,5,0.9356909871244635
968,70,diffusion,6,0.9379914163090128
968,70,diffusion,7,0.9379914163090128
968,70,diffusion,8,0.9379914163090128
968,70,diffusion,9,0.9379914163090128
968,70,diffusion,10,0.9379914163090128
968,70,diffusion,11,0.9869871244635193
968,70,baseline,1,0.3067811158798283
968,70,baseline,2,0.43601716738197427
968,70,baseline,3,0.608274678111588
968,70,baseline,4,0.7627811158798283
968,70,baseline,5,0.9158111587982832
968,70,baseline,6,0.9626094420600858
968,100,diffusion,1,0.43179399141630903
968,100,diffusion,2,0.6281888412017167
968,100,diffusion,3,0.7865064377682404
968,100,diffusion,4,0.84068669527897
968,100,diffusion,5,0.9563948497854077
968,100,baseline,1,0.43179399141630903
968,100,baseline,2,0.6496137339055794
968,100,baseline,3,0.8666781115879828
968,100,baseline,4,0.887519313304721
968,100,baseline,5,0.9046523605150215
968,100,baseline,6,0.9053047210300429
968,100,baseline,7,0.9054763948497854
968,100,baseline,8,0.9054763948497854
968,100,baseline,9,0.9054763948497854
968,100,baseline,10,0.9054763948497854
968,100,baseline,11,0.9054763948497854
968,100,baseline,12,0.9054763948497854
968,100,baseline,13,0.9054763948497854
968,100,baseline,14,0.9054763948497854
968,100,baseline,15,0.9054763948497854
968,100,baseline,16,0.9054763948497854
968,100,baseline,17,0.9054763948497854
968,100,baseline,18,0.9054763948497854
968,100,baseline,19,0.9054763948497854
968,100,baseline,20,0.9054763948497854
1223,30,diffusion,1,0.10506519558676028
1223,30,diffusion,2,0.10506519558676028
1223,30,diffusion,3,0.10506519558676028
1223,30,diffusion,4,0.10506519558676028
1223,30,diffusion,5,0.10506519558676028
1223,30,diffusion,6,0.10506519558676028
1223,30,diffusion,7,0.10506519558676028
1223,30,diffusion,8,0.10506519558676028
1223,30,diffusion,9,0.10506519558676028
1223,30,diffusion,10,0.10506519558676028
1223,30,diffusion,11,0.10506519558676028
1223,30,diffusion,12,0.10506519558676028
1223,30,diffusion,13,0.10506519558676028
1223,30,diffusion,14,0.10506519558676028
1223,30,diffusion,15,0.10506519558676028
1223,30,diffusion,16,0.10506519558676028
1223,30,diffusion,17,0.10506519558676028
1223,30,diffusion,18,0.10506519558676028
1223,30,diffusion,19,0.10506519558676028
1223,30,diffusion,20,0.10506519558676028
1223,30,baseline,1,0.10506519558676028
1223,30,baseline,2,0.10506519558676028
1223,30,baseline,3,0.10506519558676028
1223,30,baseline,4,0.10506519558676028
1223,30,baseline,5,0.10506519558676028
1223,30,baseline,6,0.10506519558676028
1223,30,baseline,7,0.10506519558676028
1223,30,baseline,8,0.10506519558676028
1223,30,baseline,9,0.10506519558676028
1223,30,baseline,10,0.10506519558676028
1223,30,baseline,11,0.10506519558676028
1223,30,baseline,12,0.10506519558676028
1223,30,baseline,13,0.10506519558676028
1223,30,baseline,14,0.10506519558676028
1223,30,baseline,15,0.10506519558676028
1223,30,baseline,16,0.10506519558676028
1223,30,baseline,17,0.10506519558676028
1223,30,baseline,18,0.10506519558676028
1223,30,baseline,19,0.10506519558676028
1223,30,baseline,20,0.10506519558676028
1223,50,diffusion,1,0.19813010459951283
1223,50,diffusion,2,0.29266370540192005
1223,50,diffusion,3,0.4299326551081817
1223,50,diffusion,4,0.510710703539189
1223,50,diffusion,5,0.6422123513397335
1223,50,diffusion,6,0.7334503510531595
1223,50,diffusion,7,0.8071356927926637
1223,50,diffusion,8,0.8451067488178822
1223,50,diffusion,9,0.9120576013755552
1223,50,diffusion,10,0.9626379137412236
1223,50,baseline,1,0.19813010459951283
1223,50,baseline,2,0.20568849405358933
1223,50,baseline,3,0.338372259636051
1223,50,baseline,4,0.4754979223384439
1223,50,baseline,5,0.5263289869608826
1223,50,baseline,6,0.5497564120934231
1223,50,baseline,7,0.6815446339017052
1223,50,baseline,8,0.732590629029947
1223,50,baseline,9,0.8480083106462244
1223,50,baseline,10,0.8794598079954148
1223,50,baseline,11,0.890027224530735
1223,50,baseline,12,0.9510674881788221
1223,70,diffusion,1,0.22646510961455796
1223,70,diffusion,2,0.3700028657400774
1223,70,diffusion,3,0.5319888236136983
1223,70,diffusion,4,0.6106175669866744
1223,70,diffusion,5,0.8015833213927497
1223,70,diffusion,6,0.9061828342169366
1223,70,diffusion,7,0.9688350766585471
1223,70,baseline,1,0.22646510961455796
1223,70,baseline,2,0.3585757271815446
1223,70,baseline,3,0.5574222668004012
1223,70,baseline,4,0.5779839518555667
1223,70,baseline,5,0.7351697950995845
1223,70,baseline,6,0.8752686631322539
1223,70,baseline,7,0.8999856712996132
1223,70,baseline,8,0.9583393036251612
1223,100,diffusion,1,0.2686631322539046
1223,100,diffusion,2,0.6462243874480584
1223,100,diffusion,3,0.722273964751397
1223,100,diffusion,4,0.7425848975497923
1223,100,diffusion,5,0.8263003295601089
1223,100,diffusion,6,0.8453216793236853
1223,100,diffusion,7,0.8635549505659836
1223,100,diffusion,8,0.8760209199025648
1223,100,diffusion,9,0.9323685341739504
1223,100,diffusion,10,0.973993408797822
1223,100,baseline,1,0.2686631322539046
1223,100,baseline,2,0.6462243874480584
1223,100,baseline,3,0.7518269092993265
1223,100,baseline,4,0.8437455222811291
1223,100,baseline,5,0.8720447055452071
1223,100,baseline,6,0.8986602665138272
1223,100,baseline,7,0.9055022209485599
1223,100,baseline,8,0.9060037254621006
1223,100,baseline,9,0.9061111907150021
1223,100,baseline,10,0.9061111907150021
1223,100,baseline,11,0.9061111907150021
1223,100,baseline,12,0.9061111907150021
1223,100,baseline,13,0.9061111907150021
1223,100,baseline,14,0.9061111907150021
1223,100,baseline,15,0.9061111907150021
1223,100,baseline,16,0.9061111907150021
1223,100,baseline,17,0.9061111907150021
1223,100,baseline,18,0.9061111907150021
1223,100,baseline,19,0.9061111907150021
1223,100,baseline,20,0.9061111907150021
3011,30,diffusion,1,0.08321393998063892
3011,30,diffusion,2,0.09297192642787996
3011,30,diffusion,3,0.09769603097773476
3011,30,diffusion,4,0.10005808325266215
3011,30,diffusion,5,0.10242013552758955
3011,30,diffusion,6,0.10242013552758955
3011,30,diffusion,7,0.10242013552758955
3011,30,diffusion,8,0.10242013552758955
3011,30,diffusion,9,0.10242013552758955
3011,30,diffusion,10,0.10242013552758955
3011,30,diffusion,11,0.10242013552758955
3011,30,diffusion,12,0.10242013552758955
3011,30,diffusion,13,0.10242013552758955
3011,30,diffusion,14,0.10242013552758955
3011,30,diffusion,15,0.10242013552758955
3011,30,diffusion,16,0.10242013552758955
3011,30,diffusion,17,0.10242013552758955
3011,30,diffusion,18,0.10242013552758955
3011,30,diffusion,19,0.10242013552758955
3011,30,diffusion,20,0.10242013552758955
3011,30,baseline,1,0.08321393998063892
3011,30,baseline,2,0.09297192642787996
3011,30,baseline,3,0.09769603097773476
3011,30,baseline,4,0.10005808325266215
3011,30,baseline,5,0.10242013552758955
3011,30,baseline,6,0.10242013552758955
3011,30,baseline,7,0.10242013552758955
3011,30,baseline,8,0.10242013552758955
3011,30,baseline,9,0.10242013552758955
3011,30,baseline,10,0.10242013552758955
3011,30,baseline,11,0.10242013552758955
3011,30,baseline,12,0.10242013552758955
3011,30,baseline,13,0.10242013552758955
3011,30,baseline,14,0.10242013552758955
3011,30,baseline,15,0.10242013552758955
3011,30,baseline,16,0.10242013552758955
3011,30,baseline,17,0.10242013552758955
3011,30,baseline,18,0.10242013552758955
3011,30,baseline,19,0.10242013552758955
3011,30,baseline,20,0.10242013552758955
3011,50,diffusion,1,0.1975217812197483
3011,50,diffusion,2,0.35984511132623426
3011,50,diffusion,3,0.5004453049370765
3011,50,diffusion,4,0.6477444336882865
3011,50,diffusion,5,0.8278412391093901
3011,50,diffusion,6,0.8988189738625363
3011,50,diffusion,7,0.9448596321393998
3011,50,diffusion,8,0.9879574056147145
3011,50,baseline,1,0.1975217812197483
3011,50,baseline,2,0.35984511132623426
3011,50,baseline,3,0.39903194578896417
3011,50,baseline,4,0.5517909002904162
3011,50,baseline,5,0.6587802516940948
3011,50,baseline,6,0.8005808325266215
3011,50,baseline,7,0.8191674733785091
3011,50,baseline,8,0.8520038722168441
3011,50,baseline,9,0.9378121974830591
3011,50,baseline,10,0.9387802516940948
3011,50,baseline,11,0.9392449177153921
3011,50,baseline,12,0.9393998063891578
3011,50,baseline,13,0.9393998063891578
3011,50,baseline,14,0.9393998063891578
3011,50,baseline,15,0.9393998063891578
3011,50,baseline,16,0.9393998063891578
3011,50,baseline,17,0.9393998063891578
3011,50,baseline,18,0.9393998063891578
3011,50,baseline,19,0.9393998063891578
3011,50,baseline,20,0.9393998063891578
3011,70,diffusion,1,0.33483059051306874
3011,70,diffusion,2,0.5235624394966119
3011,70,diffusion,3,0.7055179090029041
3011,70,diffusion,4,0.8661374636979671
3011,70,diffusion,5,0.982729912875121
3011,70,baseline,1,0.33483059051306874
3011,70,baseline,2,0.45328170377541144
3011,70,baseline,3,0.6303194578896418
3011,70,baseline,4,0.7619748305905131
3011,70,baseline,5,0.8421684414327202
3011,70,baseline,6,0.903349467570184
3011,70,baseline,7,0.9161277831558567
3011,70,baseline,8,0.934133591481123
3011,70,baseline,9,0.9342884801548886
3011,70,baseline,10,0.9342884801548886
3011,70,baseline,11,0.9342884801548886
3011,70,baseline,12,0.9342884801548886
3011,70,baseline,13,0.9342884801548886
3011,70,baseline,14,0.9342884801548886
3011,70,baseline,15,0.9342884801548886
3011,70,baseline,16,0.9342884801548886
3011,70,baseline,17,0.9342884801548886
3011,70,baseline,18,0.9342884801548886
3011,70,baseline,19,0.9342884801548886
3011,70,baseline,20,0.9342884801548886
3011,100,diffusion,1,0.4979670861568248
3011,100,diffusion,2,0.7306098741529525
3011,100,diffusion,3,0.8559535333978703
3011,100,diffusion,4,0.965459825750242
3011,100,baseline,1,0.4979670861568248
3011,100,baseline,2,0.7306098741529525
3011,100,baseline,3,0.8858857696030977
3011,100,baseline,4,0.9172120038722168
3011,100,baseline,5,0.9205033881897386
3011,100,baseline,6,0.9212778315585672
3011,100,baseline,7,0.9212778315585672
3011,100,baseline,8,0.9212778315585672
3011,100,baseline,9,0.9212778315585672
3011,100,baseline,10,0.9212778315585672
3011,100,baseline,11,0.9212778315585672
3011,100,baseline,12,0.9212778315585672
3011,100,baseline,13,0.9212778315585672
3011,100,baseline,14,0.9212778315585672
3011,100,baseline,15,0.9212778315585672
3011,100,baseline,16,0.9212778315585672
3011,100,baseline,17,0.9212778315585672
3011,100,baseline,18,0.9212778315585672
3011,100,baseline,19,0.9212778315585672
3011,100,baseline,20,0.9212778315585672
5061,30,diffusion,1,0.0824283305227656
5061,30,diffusion,2,0.08839797639123102
5061,30,diffusion,3,0.09237774030354132
5061,30,diffusion,4,0.09436762225969646
5061,30,diffusion,5,0.09436762225969646
5061,30,diffusion,6,0.09436762225969646
5061,30,diffusion,7,0.09436762225969646
5061,30,diffusion,8,0.09436762225969646
5061,30,diffusion,9,0.09436762225969646
5061,30,diffusion,10,0.09436762225969646
5061,30,diffusion,11,0.09436762225969646
5061,30,diffusion,12,0.09436762225969646
5061,30,diffusion,13,0.09436762225969646
5061,30,diffusion,14,0.09436762225969646
5061,30,diffusion,15,0.09436762225969646
5061,30,diffusion,16,0.09436762225969646
5061,30,diffusion,17,0.09436762225969646
5061,30,diffusion,18,0.09436762225969646
5061,30,diffusion,19,0.09436762225969646
5061,30,diffusion,20,0.09436762225969646
5061,30,baseline,1,0.0824283305227656
5061,30,baseline,2,0.08839797639123102
5061,30,baseline,3,0.09237774030354132
5061,30,baseline,4,0.09436762225969646
5061,30,baseline,5,0.09436762225969646
5061,30,baseline,6,0.09436762225969646
5061,30,baseline,7,0.09436762225969646
5061,30,baseline,8,0.09436762225969646
5061,30,baseline,9,0.09436762225969646
5061,30,baseline,10,0.09436762225969646
5061,30,baseline,11,0.09436762225969646
5061,30,baseline,12,0.09436762225969646
5061,30,baseline,13,0.09436762225969646
5061,30,baseline,14,0.09436762225969646
5061,30,baseline,15,0.09436762225969646
5061,30,baseline,16,0.09436762225969646
5061,30,baseline,17,0.09436762225969646
5061,30,baseline,18,0.09436762225969646
5061,30,baseline,19,0.09436762225969646
5061,30,baseline,20,0.09436762225969646
5061,50,diffusion,1,0.15038785834738616
5061,50,diffusion,2,0.25035413153457
5061,50,diffusion,3,0.38644182124789206
5061,50,diffusion,4,0.4488701517706577
5061,50,diffusion,5,0.49325463743676223
5061,50,diffusion,6,0.636593591905565
5061,50,diffusion,7,0.6893086003372682
5061,50,diffusion,8,0.7221922428330523
5061,50,diffusion,9,0.8337942664418212
5061,50,diffusion,10,0.9723777403035413
5061,50,baseline,1,0.15038785834738616
5061,50,baseline,2,0.1872512647554806
5061,50,baseline,3,0.27143338954468804
5061,50,baseline,4,0.3736256323777403
5061,50,baseline,5,0.4672512647554806
5061,50,baseline,6,0.5005059021922428
5061,50,baseline,7,0.5219561551433389
5061,50,baseline,8,0.6687352445193929
5061,50,baseline,9,0.7457672849915683
5061,50,baseline,10,0.7534569983136593
5061,50,baseline,11,0.7919055649241147
5061,50,baseline,12,0.8185497470489039
5061,50,baseline,13,0.9652276559865093
5061,70,diffusion,1,0.19706576728499156
5061,70,diffusion,2,0.2372681281618887
5061,70,diffusion,3,0.35224283305227655
5061,70,diffusion,4,0.5201349072512648
5061,70,diffusion,5,0.5763575042158516
5061,70,diffusion,6,0.7544013490725127
5061,70,diffusion,7,0.9471500843170321
5061,70,diffusion,8,0.9822934232715008
5061,70,baseline,1,0.19706576728499156
5061,70,baseline,2,0.23598650927487352
5061,70,baseline,3,0.44623946037099493
5061,70,baseline,4,0.4489376053962901
5061,70,baseline,5,0.6433726812816188
5061,70,baseline,6,0.6586846543001686
5061,70,baseline,7,0.7613153456998314
5061,70,baseline,8,0.873558178752108
5061,70,baseline,9,0.9973018549747049
5061,100,diffusion,1,0.22731871838111298
5061,100,diffusion,2,0.27588532883642497
5061,100,diffusion,3,0.5047554806070826
5061,100,diffusion,4,0.5737605396290051
5061,100,diffusion,5,0.5850927487352445
5061,100,diffusion,6,0.5879932546374368
5061,100,diffusion,7,0.5890725126475548
5061,100,diffusion,8,0.5891736930860034
5061,100,diffusion,9,0.5891736930860034
5061,100,diffusion,10,0.5891736930860034
5061,100,diffusion,11,0.5891736930860034
5061,100,diffusion,12,0.5891736930860034
5061,100,diffusion,13,0.5891736930860034
5061,100,diffusion,14,0.5891736930860034
5061,100,diffusion,15,0.5891736930860034
5061,100,diffusion,16,0.5891736930860034
5061,100,diffusion,17,0.5891736930860034
5061,100,diffusion,18,0.5891736930860034
5061,100,diffusion,19,0.5891736930860034
5061,100,diffusion,20,0.5891736930860034
5061,100,baseline,1,0.22731871838111298
5061,100,baseline,2,0.27588532883642497
5061,100,baseline,3,0.5047554806070826
5061,100,baseline,4,0.5737605396290051
5061,100,baseline,5,0.5850927487352445
5061,100,baseline,6,0.5879932546374368
5061,100,baseline,7,0.5890725126475548
5061,100,baseline,8,0.5891736930860034
5061,100,baseline,9,0.5891736930860034
5061,100,baseline,10,0.5891736930860034
5061,100,baseline,11,0.5891736930860034
5061,100,baseline,12,0.5891736930860034
5061,100,baseline,13,0.5891736930860034
5061,100,baseline,14,0.5891736930860034
5061,100,baseline,15,0.5891736930860034
5061,100,baseline,16,0.5891736930860034
5061,100,baseline,17,0.5891736930860034
5061,100,baseline,18,0.5891736930860034
5061,100,baseline,19,0.5891736930860034
5061,100,baseline,20,0.5891736930860034
8751,30,diffusion,1,0.053688632186925704
8751,30,diffusion,2,0.060435809923864534
8751,30,diffusion,3,0.06271987398267262
8751,30,diffusion,4,0.06411131530585455
8751,30,diffusion,5,0.06411131530585455
8751,30,diffusion,6,0.06411131530585455
8751,30,diffusion,7,0.06411131530585455
8751,30,diffusion,8,0.06411131530585455
8751,30,diffusion,9,0.06411131530585455
8751,30,diffusion,10,0.06411131530585455
8751,30,diffusion,11,0.06411131530585455
8751,30,diffusion,12,0.06411131530585455
8751,30,diffusion,13,0.06411131530585455
8751,30,diffusion,14,0.06411131530585455
8751,30,diffusion,15,0.06411131530585455
8751,30,diffusion,16,0.06411131530585455
8751,30,diffusion,17,0.06411131530585455
8751,30,diffusion,18,0.06411131530585455
8751,30,diffusion,19,0.06411131530585455
8751,30,diffusion,20,0.06411131530585455
8751,30,baseline,1,0.053688632186925704
8751,30,baseline,2,0.060435809923864534
8751,30,baseline,3,0.06271987398267262
8751,30,baseline,4,0.06411131530585455
8751,30,baseline,5,0.06411131530585455
8751,30,baseline,6,0.06411131530585455
8751,30,baseline,7,0.06411131530585455
8751,30,baseline,8,0.06411131530585455
8751,30,baseline,9,0.06411131530585455
8751,30,baseline,10,0.06411131530585455
8751,30,baseline,11,0.06411131530585455
8751,30,baseline,12,0.06411131530585455
8751,30,baseline,13,0.06411131530585455
8751,30,baseline,14,0.06411131530585455
8751,30,baseline,15,0.06411131530585455
8751,30,baseline,16,0.06411131530585455
8751,30,baseline,17,0.06411131530585455
8751,30,baseline,18,0.06411131530585455
8751,30,baseline,19,0.06411131530585455
8751,30,baseline,20,0.06411131530585455
8751,50,diffusion,1,0.10538199002362825
8751,50,diffusion,2,0.20669467051719612
8751,50,diffusion,3,0.24043055920189027
8751,50,diffusion,4,0.3297978472039905
8751,50,diffusion,5,0.41945392491467576
8751,50,diffusion,6,0.5157259123129431
8751,50,diffusion,7,0.6100551325807299
8751,50,diffusion,8,0.7180887372013652
8751,50,diffusion,9,0.7639012864268837
8751,50,diffusion,10,0.8311892885271724
8751,50,diffusion,11,0.8756366500393804
8751,50,diffusion,12,0.9375164085061696
8751,50,diffusion,13,0.9640588080861119
8751,50,baseline,1,0.10538199002362825
8751,50,baseline,2,0.2181412444211079
8751,50,baseline,3,0.25896560777106853
8751,50,baseline,4,0.28317143607246
8751,50,baseline,5,0.3632974533998425
8751,50,baseline,6,0.45838802835389864
8751,50,baseline,7,0.5051194539249146
8751,50,baseline,8,0.6178524547125229
8751,50,baseline,9,0.6209241270674718
8751,50,baseline,10,0.7333158309267525
8751,50,baseline,11,0.8445523759516934
8751,50,baseline,12,0.8505907062221055
8751,50,baseline,13,0.87156734050932
8751,50,baseline,14,0.8985560514570754
8751,50,baseline,15,0.9742452087161985
8751,70,diffusion,1,0.16521396692045157
8751,70,diffusion,2,0.25476503019165136
8751,70,diffusion,3,0.35221843003412967
8751,70,diffusion,4,0.47041218167498033
8751,70,diffusion,5,0.5887634549750591
8751,70,diffusion,6,0.7103176686794435
8751,70,diffusion,7,0.7674192701496456
8751,70,diffusion,8,0.8814386978209504
8751,70,diffusion,9,0.9235232344447362
8751,70,diffusion,10,0.9668941979522184
8751,70,baseline,1,0.16521396692045157
8751,70,baseline,2,0.26497768443160935
8751,70,baseline,3,0.38138619060120765
8751,70,baseline,4,0.4774218955106327
8751,70,baseline,5,0.5735101076398005
8751,70,baseline,6,0.7067996849566816
8751,70,baseline,7,0.7102651614597008
8751,70,baseline,8,0.7226568653189813
8751,70,baseline,9,0.7668416907324758
8751,70,baseline,10,0.7669204515620898
8751,70,baseline,11,0.7669204515620898
8751,70,baseline,12,0.7669204515620898
8751,70,baseline,13,0.7669204515620898
8751,70,baseline,14,0.7669204515620898
8751,70,baseline,15,0.7669204515620898
8751,70,baseline,16,0.7669204515620898
8751,70,baseline,17,0.7669204515620898
8751,70,baseline,18,0.7669204515620898
8751,70,baseline,19,0.7669204515620898
8751,70,baseline,20,0.7669204515620898
8751,100,diffusion,1,0.23538986610658966
8751,100,diffusion,2,0.3487529535311105
8751,100,diffusion,3,0.5103176686794434
8751,100,diffusion,4,0.7514570753478603
8751,100,diffusion,5,0.7774481491205041
8751,100,diffusion,6,0.7862431084274087
8751,100,diffusion,7,0.7896823313205565
8751,100,diffusion,8,0.7907849829351535
8751,100,diffusion,9,0.7924652139669205
8751,100,diffusion,10,0.7924652139669205
8751,100,diffusion,11,0.7924652139669205
8751,100,diffusion,12,0.7924652139669205
8751,100,diffusion,13,0.7924652139669205
8751,100,diffusion,14,0.7924652139669205
8751,100,diffusion,15,0.7924652139669205
8751,100,diffusion,16,0.7924652139669205
8751,100,diffusion,17,0.7924652139669205
8751,100,diffusion,18,0.7924652139669205
8751,100,diffusion,19,0.7924652139669205
8751,100,diffusion,20,0.7924652139669205
8751,100,baseline,1,0.23538986610658966
8751,100,baseline,2,0.3487529535311105
8751,100,baseline,3,0.5564452612234182
8751,100,baseline,4,0.7589393541611972
8751,100,baseline,5,0.8991336308742452
8751,100,baseline,6,0.911315305854555
8751,100,baseline,7,0.9162772381202415
8751,100,baseline,8,0.973772643738514
9025,30,diffusion,1,0.05127957508450024
9025,30,diffusion,2,0.06273941735071624
9025,30,diffusion,3,0.0693384838242395
9025,30,diffusion,4,0.07223563495895703
9025,30,diffusion,5,0.07349106711733462
9025,30,diffusion,6,0.0748430709802028
9025,30,diffusion,7,0.0748430709802028
9025,30,diffusion,8,0.0748430709802028
9025,30,diffusion,9,0.0748430709802028
9025,30,diffusion,10,0.0748430709802028
9025,30,diffusion,11,0.0748430709802028
9025,30,diffusion,12,0.0748430709802028
9025,30,diffusion,13,0.0748430709802028
9025,30,diffusion,14,0.0748430709802028
9025,30,diffusion,15,0.0748430709802028
9025,30,diffusion,16,0.0748430709802028
9025,30,diffusion,17,0.0748430709802028
9025,30,diffusion,18,0.0748430709802028
9025,30,diffusion,19,0.0748430709802028
9025,30,diffusion,20,0.0748430709802028
9025,30,baseline,1,0.05127957508450024
9025,30,baseline,2,0.06273941735071624
9025,30,baseline,3,0.0693384838242395
9025,30,baseline,4,0.07223563495895703
9025,30,baseline,5,0.07349106711733462
9025,30,baseline,6,0.0748430709802028
9025,30,baseline,7,0.0748430709802028
9025,30,baseline,8,0.0748430709802028
9025,30,baseline,9,0.0748430709802028
9025,30,baseline,10,0.0748430709802028
9025,30,baseline,11,0.0748430709802028
9025,30,baseline,12,0.0748430709802028
9025,30,baseline,13,0.0748430709802028
9025,30,baseline,14,0.0748430709802028
9025,30,baseline,15,0.0748430709802028
9025,30,baseline,16,0.0748430709802028
9025,30,baseline,17,0.0748430709802028
9025,30,baseline,18,0.0748430709802028
9025,30,baseline,19,0.0748430709802028
9025,30,baseline,20,0.0748430709802028
9025,50,diffusion,1,0.10362143891839691
9025,50,diffusion,2,0.2003540962497988
9025,50,diffusion,3,0.27098020280057944
9025,50,diffusion,4,0.42675036214389184
9025,50,diffusion,5,0.5007564783518429
9025,50,diffusion,6,0.5990986640914212
9025,50,diffusion,7,0.613165942378883
9025,50,diffusion,8,0.637308868501529
9025,50,diffusion,9,0.732335425720264
9025,50,diffusion,10,0.7659101883148237
9025,50,diffusion,11,0.7662320939964591
9025,50,diffusion,12,0.7662320939964591
9025,50,diffusion,13,0.7662320939964591
9025,50,diffusion,14,0.7662320939964591
9025,50,diffusion,15,0.7662320939964591
9025,50,diffusion,16,0.7662320939964591
9025,50,diffusion,17,0.7662320939964591
9025,50,diffusion,18,0.7662320939964591
9025,50,diffusion,19,0.7662320939964591
9025,50,diffusion,20,0.7662320939964591
9025,50,baseline,1,0.10362143891839691
9025,50,baseline,2,0.2003540962497988
9025,50,baseline,3,0.27098020280057944
9025,50,baseline,4,0.42675036214389184
9025,50,baseline,5,0.5169483341380975
9025,50,baseline,6,0.5425720263962659
9025,50,baseline,7,0.6892644455174634
9025,50,baseline,8,0.7863511990986641
9025,50,baseline,9,0.7924352164815709
9025,50,baseline,10,0.8230806373732497
9025,50,baseline,11,0.8231128279414132
9025,50,baseline,12,0.913021084822147
9025,50,baseline,13,0.9522291968453244
9025,70,diffusion,1,0.16822790922259778
9025,70,diffusion,2,0.2612586512151939
9025,70,diffusion,3,0.3565749235474006
9025,70,diffusion,4,0.6660872364397231
9025,70,diffusion,5,0.8441010783840335
9025,70,diffusion,6,0.8852084339288588
9025,70,diffusion,7,0.8855947207468212
9025,70,diffusion,8,0.9065829711894415
9025,70,diffusion,9,0.9069370674392403
9025,70,diffusion,10,0.9271205536777725
9025,70,diffusion,11,0.9271205536777725
9025,70,diffusion,12,0.9275712216320618
9025,70,diffusion,13,0.9275712216320618
9025,70,diffusion,14,0.9395139224207307
9025,70,diffusion,15,0.9395139224207307
9025,70,diffusion,16,0.9395139224207307
9025,70,diffusion,17,0.9395139224207307
9025,70,diffusion,18,0.9441171736681152
9025,70,diffusion,19,0.9441171736681152
9025,70,diffusion,20,0.9441171736681152
9025,70,baseline,1,0.16822790922259778
9025,70,baseline,2,0.23508771929824562
9025,70,baseline,3,0.3842910027361983
9025,70,baseline,4,0.6052792531788186
9025,70,baseline,5,0.7506196684371479
9025,70,baseline,6,0.7588604538870111
9025,70,baseline,7,0.8379526798647996
9025,70,baseline,8,0.850957669402865
9025,70,baseline,9,0.854981490423306
9025,70,baseline,10,0.8552390149686142
9025,70,baseline,11,0.8553033961049412
9025,70,baseline,12,0.8553033961049412
9025,70,baseline,13,0.8553033961049412
9025,70,baseline,14,0.8553033961049412
9025,70,baseline,15,0.8553033961049412
9025,70,baseline,16,0.8553033961049412
9025,70,baseline,17,0.8553033961049412
9025,70,baseline,18,0.8553033961049412
9025,70,baseline,19,0.8553033961049412
9025,70,baseline,20,0.8553033961049412
9025,100,diffusion,1,0.21567680669563818
9025,100,diffusion,2,0.32959922742636405
9025,100,diffusion,3,0.692901979719942
9025,100,diffusion,4,0.8250442620312248
9025,100,diffusion,5,0.829872847255754
9025,100,diffusion,6,0.8310960888459681
9025,100,diffusion,7,0.8312892322549493
9025,100,diffusion,8,0.8312892322549493
9025,100,diffusion,9,0.8312892322549493
9025,100,diffusion,10,0.8312892322549493
9025,100,diffusion,11,0.8312892322549493
9025,100,diffusion,12,0.8312892322549493
9025,100,diffusion,13,0.8312892322549493
9025,100,diffusion,14,0.8312892322549493
9025,100,diffusion,15,0.8312892322549493
9025,100,diffusion,16,0.8312892322549493
9025,100,diffusion,17,0.8312892322549493
9025,100,diffusion,18,0.8312892322549493
9025,100,diffusion,19,0.8312892322549493
9025,100,diffusion,20,0.8312892322549493
9025,100,baseline,1,0.21567680669563818
9025,100,baseline,2,0.32959922742636405
9025,100,baseline,3,0.692901979719942
9025,100,baseline,4,0.8020601963624658
9025,100,baseline,5,0.8466441332689522
9025,100,baseline,6,0.8961532271044584
9025,100,baseline,7,0.9026879124416546
9025,100,baseline,8,0.903685820054724
9025,100,baseline,9,0.903685820054724
9025,100,baseline,10,0.903685820054724
9025,100,baseline,11,0.903685820054724
9025,100,baseline,12,0.903685820054724
9025,100,baseline,13,0.903685820054724
9025,100,baseline,14,0.903685820054724
9025,100,baseline,15,0.903685820054724
9025,100,baseline,16,0.903685820054724
9025,100,baseline,17,0.903685820054724
9025,100,baseline,18,0.903685820054724
9025,100,baseline,19,0.903685820054724
9025,100,baseline,20,0.903685820054724
9593,30,diffusion,1,0.15373831775700936
9593,30,diffusion,2,0.15718457943925235
9593,30,diffusion,3,0.15718457943925235
9593,30,diffusion,4,0.15718457943925235
9593,30,diffusion,5,0.15718457943925235
9593,30,diffusion,6,0.15718457943925235
9593,30,diffusion,7,0.15718457943925235
9593,30,diffusion,8,0.15718457943925235
9593,30,diffusion,9,0.15718457943925235
9593,30,diffusion,10,0.15718457943925235
9593,30,diffusion,11,0.15718457943925235
9593,30,diffusion,12,0.15718457943925235
9593,30,diffusion,13,0.15718457943925235
9593,30,diffusion,14,0.15718457943925235
9593,30,diffusion,15,0.15718457943925235
9593,30,diffusion,16,0.15718457943925235
9593,30,diffusion,17,0.15718457943925235
9593,30,diffusion,18,0.15718457943925235
9593,30,diffusion,19,0.15718457943925235
9593,30,diffusion,20,0.15718457943925235
9593,30,baseline,1,0.15373831775700936
9593,30,baseline,2,0.15718457943925235
9593,30,baseline,3,0.15718457943925235
9593,30,baseline,4,0.15718457943925235
9593,30,baseline,5,0.15718457943925235
9593,30,baseline,6,0.15718457943925235
9593,30,baseline,7,0.15718457943925235
9593,30,baseline,8,0.15718457943925235
9593,30,baseline,9,0.15718457943925235
9593,30,baseline,10,0.15718457943925235
9593,30,baseline,11,0.15718457943925235
9593,30,baseline,12,0.15718457943925235
9593,30,baseline,13,0.15718457943925235
9593,30,baseline,14,0.15718457943925235
9593,30,baseline,15,0.15718457943925235
9593,30,baseline,16,0.15718457943925235
9593,30,baseline,17,0.15718457943925235
9593,30,baseline,18,0.15718457943925235
9593,30,baseline,19,0.15718457943925235
9593,30,baseline,20,0.15718457943925235
9593,50,diffusion,1,0.2679322429906542
9593,50,diffusion,2,0.41950934579439253
9593,50,diffusion,3,0.4818341121495327
9593,50,diffusion,4,0.4818341121495327
9593,50,diffusion,5,0.4818341121495327
9593,50,diffusion,6,0.4818341121495327
9593,50,diffusion,7,0.4818341121495327
9593,50,diffusion,8,0.4818341121495327
9593,50,diffusion,9,0.4818341121495327
9593,50,diffusion,10,0.4818341121495327
9593,50,diffusion,11,0.4818341121495327
9593,50,diffusion,12,0.4818341121495327
9593,50,diffusion,13,0.4818341121495327
9593,50,diffusion,14,0.4818341121495327
9593,50,diffusion,15,0.4818341121495327
9593,50,diffusion,16,0.4818341121495327
9593,50,diffusion,17,0.4818341121495327
9593,50,diffusion,18,0.4818341121495327
9593,50,diffusion,19,0.4818341121495327
9593,50,diffusion,20,0.4818341121495327
9593,50,baseline,1,0.2679322429906542
9593,50,baseline,2,0.41950934579439253
9593,50,baseline,3,0.4818341121495327
9593,50,baseline,4,0.4818341121495327
9593,50,baseline,5,0.4818341121495327
9593,50,baseline,6,0.4818341121495327
9593,50,baseline,7,0.4818341121495327
9593,50,baseline,8,0.4818341121495327
9593,50,baseline,9,0.4818341121495327
9593,50,baseline,10,0.4818341121495327
9593,50,baseline,11,0.4818341121495327
9593,50,baseline,12,0.4818341121495327
9593,50,baseline,13,0.4818341121495327
9593,50,baseline,14,0.4818341121495327
9593,50,baseline,15,0.4818341121495327
9593,50,baseline,16,0.4818341121495327
9593,50,baseline,17,0.4818341121495327
9593,50,baseline,18,0.4818341121495327
9593,50,baseline,19,0.4818341121495327
9593,50,baseline,20,0.4818341121495327
9593,70,diffusion,1,0.31501168224299064
9593,70,diffusion,2,0.46179906542056076
9593,70,diffusion,3,0.4759345794392523
9593,70,diffusion,4,0.47692757009345793
9593,70,diffusion,5,0.47692757009345793
9593,70,diffusion,6,0.47692757009345793
9593,70,diffusion,7,0.47692757009345793
9593,70,diffusion,8,0.47692757009345793
9593,70,diffusion,9,0.47692757009345793
9593,70,diffusion,10,0.47692757009345793
9593,70,diffusion,11,0.47692757009345793
9593,70,diffusion,12,0.47692757009345793
9593,70,diffusion,13,0.47692757009345793
9593,70,diffusion,14,0.47692757009345793
9593,70,diffusion,15,0.47692757009345793
9593,70,diffusion,16,0.47692757009345793
9593,70,diffusion,17,0.47692757009345793
9593,70,diffusion,18,0.47692757009345793
9593,70,diffusion,19,0.47692757009345793
9593,70,diffusion,20,0.47692757009345793
9593,70,baseline,1,0.31501168224299064
9593,70,baseline,2,0.465946261682243
9593,70,baseline,3,0.5022780373831776
9593,70,baseline,4,0.787908878504673
9593,70,baseline,5,0.9905957943925233
9593,100,diffusion,1,0.3824182242990654
9593,100,diffusion,2,0.4692172897196262
9593,100,diffusion,3,0.525
9593,100,diffusion,4,0.525
9593,100,diffusion,5,0.525
9593,100,diffusion,6,0.525
9593,100,diffusion,7,0.525
9593,100,diffusion,8,0.525
9593,100,diffusion,9,0.525
9593,100,diffusion,10,0.525
9593,100,diffusion,11,0.525
9593,100,diffusion,12,0.525
9593,100,diffusion,13,0.525
9593,100,diffusion,14,0.525
9593,100,diffusion,15,0.525
9593,100,diffusion,16,0.525
9593,100,diffusion,17,0.525
9593,100,diffusion,18,0.525
9593,100,diffusion,19,0.525
9593,100,diffusion,20,0.525
9593,100,baseline,1,0.3824182242990654
9593,100,baseline,2,0.4818341121495327
9593,100,baseline,3,0.7223130841121496
9593,100,baseline,4,0.9621495327102804
10950,30,diffusion,1,0.1329853966979475
10950,30,diffusion,2,0.1358960204747328
10950,30,diffusion,3,0.1358960204747328
10950,30,diffusion,4,0.1358960204747328
10950,30,diffusion,5,0.1358960204747328
10950,30,diffusion,6,0.1358960204747328
10950,30,diffusion,7,0.1358960204747328
10950,30,diffusion,8,0.1358960204747328
10950,30,diffusion,9,0.1358960204747328
10950,30,diffusion,10,0.1358960204747328
10950,30,diffusion,11,0.1358960204747328
10950,30,diffusion,12,0.1358960204747328
10950,30,diffusion,13,0.1358960204747328
10950,30,diffusion,14,0.1358960204747328
10950,30,diffusion,15,0.1358960204747328
10950,30,diffusion,16,0.1358960204747328
10950,30,diffusion,17,0.1358960204747328
10950,30,diffusion,18,0.1358960204747328
10950,30,diffusion,19,0.1358960204747328
10950,30,diffusion,20,0.1358960204747328
10950,30,baseline,1,0.1329853966979475
10950,30,baseline,2,0.1358960204747328
10950,30,baseline,3,0.1358960204747328
10950,30,baseline,4,0.1358960204747328
10950,30,baseline,5,0.1358960204747328
10950,30,baseline,6,0.1358960204747328
10950,30,baseline,7,0.1358960204747328
10950,30,baseline,8,0.1358960204747328
10950,30,baseline,9,0.1358960204747328
10950,30,baseline,10,0.1358960204747328
10950,30,baseline,11,0.1358960204747328
10950,30,baseline,12,0.1358960204747328
10950,30,baseline,13,0.1358960204747328
10950,30,baseline,14,0.1358960204747328
10950,30,baseline,15,0.1358960204747328
10950,30,baseline,16,0.1358960204747328
10950,30,baseline,17,0.1358960204747328
10950,30,baseline,18,0.1358960204747328
10950,30,baseline,19,0.1358960204747328
10950,30,baseline,20,0.1358960204747328
10950,50,diffusion,1,0.24062829327043708
10950,50,diffusion,2,0.39514226928288254
10950,50,diffusion,3,0.47192251718773526
10950,50,diffusion,4,0.5058965223064185
10950,50,diffusion,5,0.5059467054749837
10950,50,diffusion,6,0.5059467054749837
10950,50,diffusion,7,0.5059467054749837
10950,50,diffusion,8,0.5059467054749837
10950,50,diffusion,9,0.5059467054749837
10950,50,diffusion,10,0.5059467054749837
10950,50,diffusion,11,0.5059467054749837
10950,50,diffusion,12,0.5274251016209164
10950,50,diffusion,13,0.5322426858031816
10950,50,diffusion,14,0.5322426858031816
10950,50,diffusion,15,0.5322426858031816
10950,50,diffusion,16,0.5322426858031816
10950,50,diffusion,17,0.5322426858031816
10950,50,diffusion,18,0.5322426858031816
10950,50,diffusion,19,0.5322426858031816
10950,50,diffusion,20,0.5322426858031816
10950,50,baseline,1,0.24062829327043708
10950,50,baseline,2,0.39514226928288254
10950,50,baseline,3,0.47192251718773526
10950,50,baseline,4,0.5058965223064185
10950,50,baseline,5,0.5175892005821248
10950,50,baseline,6,0.5308375570833542
10950,50,baseline,7,0.5308375570833542
10950,50,baseline,8,0.5308375570833542
10950,50,baseline,9,0.5308375570833542
10950,50,baseline,10,0.5308375570833542
10950,50,baseline,11,0.5308375570833542
10950,50,baseline,12,0.5308375570833542
10950,50,baseline,13,0.5308375570833542
10950,50,baseline,14,0.5308375570833542
10950,50,baseline,15,0.5308375570833542
10950,50,baseline,16,0.5308375570833542
10950,50,baseline,17,0.5308375570833542
10950,50,baseline,18,0.5308375570833542
10950,50,baseline,19,0.5308375570833542
10950,50,baseline,20,0.5308375570833542
10950,70,diffusion,1,0.31173784312741504
10950,70,diffusion,2,0.5015807698098058
10950,70,diffusion,3,0.6567471270135996
10950,70,diffusion,4,0.7395995383148491
10950,70,diffusion,5,0.8939629648215989
10950,70,diffusion,6,0.9619109750589653
10950,70,baseline,1,0.31173784312741504
10950,70,baseline,2,0.4697144577708636
10950,70,baseline,3,0.5151804084909921
10950,70,baseline,4,0.5444873789331058
10950,70,baseline,5,0.7897827068801124
10950,70,baseline,6,0.8932102172931199
10950,70,baseline,7,0.9613087770361821
10950,100,diffusion,1,0.38982285341496464
10950,100,diffusion,2,0.5569829879058564
10950,100,diffusion,3,0.7367390977066292
10950,100,diffusion,4,0.7535002760074271
10950,100,diffusion,5,0.9092186480654388
10950,100,diffusion,6,0.9333567521453304
10950,100,diffusion,7,0.9333567521453304
10950,100,diffusion,8,0.9333567521453304
10950,100,diffusion,9,0.9333567521453304
10950,100,diffusion,10,0.9333567521453304
10950,100,diffusion,11,0.9333567521453304
10950,100,diffusion,12,0.9333567521453304
10950,100,diffusion,13,0.9333567521453304
10950,100,diffusion,14,0.9333567521453304
10950,100,diffusion,15,0.9333567521453304
10950,100,diffusion,16,0.9333567521453304
10950,100,diffusion,17,0.9333567521453304
10950,100,diffusion,18,0.9333567521453304
10950,100,diffusion,19,0.9333567521453304
10950,100,diffusion,20,0.9333567521453304
10950,100,baseline,1,0.38982285341496464
10950,100,baseline,2,0.5569829879058564
10950,100,baseline,3,0.7367390977066292
10950,100,baseline,4,0.7535002760074271
10950,100,baseline,5,0.7592713403924324
10950,100,baseline,6,0.7770361820645355
10950,100,baseline,7,0.7819039494153661
10950,100,baseline,8,0.7827570632809756
10950,100,baseline,9,0.7835599939780198
10950,100,baseline,10,0.7843127415064988
10950,100,baseline,11,0.7843127415064988
10950,100,baseline,12,0.7843127415064988
10950,100,baseline,13,0.7843127415064988
10950,100,baseline,14,0.7843127415064988
10950,100,baseline,15,0.7843127415064988
10950,100,baseline,16,0.7843127415064988
10950,100,baseline,17,0.7843127415064988
10950,100,baseline,18,0.7843127415064988
10950,100,baseline,19,0.7843127415064988
10950,100,baseline,20,0.7843127415064988
14371,30,diffusion,1,0.05017452006980803
14371,30,diffusion,2,0.0818935427574171
14371,30,diffusion,3,0.09677137870855149
14371,30,diffusion,4,0.106239092495637
14371,30,diffusion,5,0.11003490401396161
14371,30,diffusion,6,0.11234729493891797
14371,30,diffusion,7,0.11234729493891797
14371,30,diffusion,8,0.11234729493891797
14371,30,diffusion,9,0.11234729493891797
14371,30,diffusion,10,0.11234729493891797
14371,30,diffusion,11,0.11234729493891797
14371,30,diffusion,12,0.11234729493891797
14371,30,diffusion,13,0.11234729493891797
14371,30,diffusion,14,0.11234729493891797
14371,30,diffusion,15,0.11234729493891797
14371,30,diffusion,16,0.11234729493891797
14371,30,diffusion,17,0.11234729493891797
14371,30,diffusion,18,0.11234729493891797
14371,30,diffusion,19,0.11234729493891797
14371,30,diffusion,20,0.11234729493891797
14371,30,baseline,1,0.05017452006980803
14371,30,baseline,2,0.0818935427574171
14371,30,baseline,3,0.09677137870855149
14371,30,baseline,4,0.106239092495637
14371,30,baseline,5,0.11003490401396161
14371,30,baseline,6,0.11234729493891797
14371,30,baseline,7,0.11234729493891797
14371,30,baseline,8,0.11234729493891797
14371,30,baseline,9,0.11234729493891797
14371,30,baseline,10,0.11234729493891797
14371,30,baseline,11,0.11234729493891797
14371,30,baseline,12,0.11234729493891797
14371,30,baseline,13,0.11234729493891797
14371,30,baseline,14,0.11234729493891797
14371,30,baseline,15,0.11234729493891797
14371,30,baseline,16,0.11234729493891797
14371,30,baseline,17,0.11234729493891797
14371,30,baseline,18,0.11234729493891797
14371,30,baseline,19,0.11234729493891797
14371,30,baseline,20,0.11234729493891797
14371,50,diffusion,1,0.11304537521815008
14371,50,diffusion,2,0.17923211169284467
14371,50,diffusion,3,0.23961605584642234
14371,50,diffusion,4,0.43472949389179755
14371,50,diffusion,5,0.525087260034904
14371,50,diffusion,6,0.6412303664921466
14371,50,diffusion,7,0.7797120418848168
14371,50,diffusion,8,0.7807155322862129
14371,50,diffusion,9,0.8017452006980803
14371,50,diffusion,10,0.818673647469459
14371,50,diffusion,11,0.8233420593368237
14371,50,diffusion,12,0.8236474694589878
14371,50,diffusion,13,0.8236474694589878
14371,50,diffusion,14,0.8236474694589878
14371,50,diffusion,15,0.8236474694589878
14371,50,diffusion,16,0.8236474694589878
14371,50,diffusion,17,0.8236474694589878
14371,50,diffusion,18,0.8236474694589878
14371,50,diffusion,19,0.8236474694589878
14371,50,diffusion,20,0.8236474694589878
14371,50,baseline,1,0.11304537521815008
14371,50,baseline,2,0.17923211169284467
14371,50,baseline,3,0.23961605584642234
14371,50,baseline,4,0.43472949389179755
14371,50,baseline,5,0.4351657940663176
14371,50,baseline,6,0.5462041884816754
14371,50,baseline,7,0.6344240837696336
14371,50,baseline,8,0.6450261780104712
14371,50,baseline,9,0.7072425828970331
14371,50,baseline,10,0.7973821989528795
14371,50,baseline,11,0.7973821989528795
14371,50,baseline,12,0.7973821989528795
14371,50,baseline,13,0.7973821989528795
14371,50,baseline,14,0.7973821989528795
14371,50,baseline,15,0.7973821989528795
14371,50,baseline,16,0.7973821989528795
14371,50,baseline,17,0.7973821989528795
14371,50,baseline,18,0.7973821989528795
14371,50,baseline,19,0.7973821989528795
14371,50,baseline,20,0.7973821989528795
14371,70,diffusion,1,0.16461605584642233
14371,70,diffusion,2,0.21719022687609074
14371,70,diffusion,3,0.4175828970331588
14371,70,diffusion,4,0.481369982547993
14371,70,diffusion,5,0.693630017452007
14371,70,diffusion,6,0.7996509598603839
14371,70,diffusion,7,0.8030977312390924
14371,70,diffusion,8,0.8492582897033158
14371,70,diffusion,9,0.9854275741710297
14371,70,baseline,1,0.16461605584642233
14371,70,baseline,2,0.22792321116928446
14371,70,baseline,3,0.5182373472949389
14371,70,baseline,4,0.5408813263525305
14371,70,baseline,5,0.6902268760907504
14371,70,baseline,6,0.7868673647469459
14371,70,baseline,7,0.8529668411867365
14371,70,baseline,8,0.8539703315881326
14371,70,baseline,9,0.9611692844677138
14371,100,diffusion,1,0.18791448516579407
14371,100,diffusion,2,0.2766143106457243
14371,100,diffusion,3,0.6285776614310645
14371,100,diffusion,4,0.6369109947643979
14371,100,diffusion,5,0.637129144851658
14371,100,diffusion,6,0.6619109947643979
14371,100,diffusion,7,0.6697643979057591
14371,100,diffusion,8,0.6698080279232111
14371,100,diffusion,9,0.6705933682373473
14371,100,diffusion,10,0.7037521815008726
14371,100,diffusion,11,0.7121727748691099
14371,100,diffusion,12,0.7165794066317627
14371,100,diffusion,13,0.7167539267015707
14371,100,diffusion,14,0.7167539267015707
14371,100,diffusion,15,0.7167539267015707
14371,100,diffusion,16,0.7167539267015707
14371,100,diffusion,17,0.7167539267015707
14371,100,diffusion,18,0.7167539267015707
14371,100,diffusion,19,0.7167539267015707
14371,100,diffusion,20,0.7167539267015707
14371,100,baseline,1,0.18791448516579407
14371,100,baseline,2,0.2642233856893543
14371,100,baseline,3,0.5830715532286213
14371,100,baseline,4,0.5860820244328098
14371,100,baseline,5,0.6154013961605584
14371,100,baseline,6,0.6155322862129144
14371,100,baseline,7,0.6984293193717277
14371,100,baseline,8,0.7214659685863875
14371,100,baseline,9,0.7305410122164049
14371,100,baseline,10,0.7327225130890053
14371,100,baseline,11,0.7338132635253054
14371,100,baseline,12,0.7338568935427574
14371,100,baseline,13,0.7338568935427574
14371,100,baseline,14,0.7338568935427574
14371,100,baseline,15,0.7338568935427574
14371,100,baseline,16,0.7338568935427574
14371,100,baseline,17,0.7338568935427574
14371,100,baseline,18,0.7338568935427574
14371,100,baseline,19,0.7338568935427574
14371,100,baseline,20,0.7338568935427574
14866,30,diffusion,1,0.04725795849375528
14866,30,diffusion,2,0.05434782608695652
14866,30,diffusion,3,0.057024133721476196
14866,30,diffusion,4,0.058362287538736034
14866,30,diffusion,5,0.05970044135599587
14866,30,diffusion,6,0.05970044135599587
14866,30,diffusion,7,0.05970044135599587
14866,30,diffusion,8,0.05970044135599587
14866,30,diffusion,9,0.05970044135599587
14866,30,diffusion,10,0.05970044135599587
14866,30,diffusion,11,0.05970044135599587
14866,30,diffusion,12,0.05970044135599587
14866,30,diffusion,13,0.05970044135599587
14866,30,diffusion,14,0.05970044135599587
14866,30,diffusion,15,0.05970044135599587
14866,30,diffusion,16,0.05970044135599587
14866,30,diffusion,17,0.05970044135599587
14866,30,diffusion,18,0.05970044135599587
14866,30,diffusion,19,0.05970044135599587
14866,30,diffusion,20,0.05970044135599587
14866,30,baseline,1,0.04725795849375528
14866,30,baseline,2,0.05434782608695652
14866,30,baseline,3,0.057024133721476196
14866,30,baseline,4,0.058362287538736034
14866,30,baseline,5,0.05970044135599587
14866,30,baseline,6,0.05970044135599587
14866,30,baseline,7,0.05970044135599587
14866,30,baseline,8,0.05970044135599587
14866,30,baseline,9,0.05970044135599587
14866,30,baseline,10,0.05970044135599587
14866,30,baseline,11,0.05970044135599587
14866,30,baseline,12,0.05970044135599587
14866,30,baseline,13,0.05970044135599587
14866,30,baseline,14,0.05970044135599587
14866,30,baseline,15,0.05970044135599587
14866,30,baseline,16,0.05970044135599587
14866,30,baseline,17,0.05970044135599587
14866,30,baseline,18,0.05970044135599587
14866,30,baseline,19,0.05970044135599587
14866,30,baseline,20,0.05970044135599587
14866,50,diffusion,1,0.09869471311860269
14866,50,diffusion,2,0.1970372804958212
14866,50,diffusion,3,0.29523898957648603
14866,50,diffusion,4,0.32249506995962063
14866,50,diffusion,5,0.3535308479669452
14866,50,diffusion,6,0.3738613954361912
14866,50,diffusion,7,0.4304864306507653
14866,50,diffusion,8,0.4865245562963659
14866,50,diffusion,9,0.48661846182740165
14866,50,diffusion,10,0.48661846182740165
14866,50,diffusion,11,0.48661846182740165
14866,50,diffusion,12,0.48661846182740165
14866,50,diffusion,13,0.48661846182740165
14866,50,diffusion,14,0.48661846182740165
14866,50,diffusion,15,0.48661846182740165
14866,50,diffusion,16,0.4961498732275331
14866,50,diffusion,17,0.4961498732275331
14866,50,diffusion,18,0.4961498732275331
14866,50,diffusion,19,0.4961498732275331
14866,50,diffusion,20,0.4961498732275331
14866,50,baseline,1,0.09869471311860269
14866,50,baseline,2,0.1970372804958212
14866,50,baseline,3,0.2809653488590478
14866,50,baseline,4,0.28436942435909474
14866,50,baseline,5,0.3204995774251103
14866,50,baseline,6,0.3539299464738473
14866,50,baseline,7,0.42896046577143393
14866,50,baseline,8,0.48018593295145084
14866,50,baseline,9,0.48175885059630014
14866,50,baseline,10,0.48175885059630014
14866,50,baseline,11,0.48175885059630014
14866,50,baseline,12,0.48175885059630014
14866,50,baseline,13,0.48175885059630014
14866,50,baseline,14,0.48175885059630014
14866,50,baseline,15,0.48175885059630014
14866,50,baseline,16,0.48175885059630014
14866,50,baseline,17,0.48175885059630014
14866,50,baseline,18,0.48175885059630014
14866,50,baseline,19,0.48175885059630014
14866,50,baseline,20,0.48175885059630014
14866,70,diffusion,1,0.16048455254014463
14866,70,diffusion,2,0.32223682974927226
14866,70,diffusion,3,0.3678514414499014
14866,70,diffusion,4,0.39088177293642595
14866,70,diffusion,5,0.4483519579303221
14866,70,diffusion,6,0.521598272138229
14866,70,diffusion,7,0.6494741290261996
14866,70,diffusion,8,0.7449056249413091
14866,70,diffusion,9,0.8230115503803174
14866,70,diffusion,10,0.9158606441919429
14866,70,diffusion,11,0.9680486430650765
14866,70,baseline,1,0.16048455254014463
14866,70,baseline,2,0.2731007606348014
14866,70,baseline,3,0.2944877453281998
14866,70,baseline,4,0.3531787022255611
14866,70,baseline,5,0.38517701192600245
14866,70,baseline,6,0.4779791529721101
14866,70,baseline,7,0.4838012958963283
14866,70,baseline,8,0.5566015588318152
14866,70,baseline,9,0.6287914358155695
14866,70,baseline,10,0.7409146398722884
14866,70,baseline,11,0.8521926941496855
14866,70,baseline,12,0.9341017935956428
14866,70,baseline,13,0.9628603624753498
14866,100,diffusion,1,0.24854446426894544
14866,100,diffusion,2,0.3971264907503052
14866,100,diffusion,3,0.4132312893229411
14866,100,diffusion,4,0.4816414686825054
14866,100,diffusion,5,0.4865480326791248
14866,100,diffusion,6,0.4904920649826275
14866,100,diffusion,7,0.4904920649826275
14866,100,diffusion,8,0.4904920649826275
14866,100,diffusion,9,0.4904920649826275
14866,100,diffusion,10,0.4904920649826275
14866,100,diffusion,11,0.4904920649826275
14866,100,diffusion,12,0.4904920649826275
14866,100,diffusion,13,0.4904920649826275
14866,100,diffusion,14,0.4904920649826275
14866,100,diffusion,15,0.4904920649826275
14866,100,diffusion,16,0.4904920649826275
14866,100,diffusion,17,0.4904920649826275
14866,100,diffusion,18,0.4904920649826275
14866,100,diffusion,19,0.4904920649826275
14866,100,diffusion,20,0.4904920649826275
14866,100,baseline,1,0.24854446426894544
14866,100,baseline,2,0.3971264907503052
14866,100,baseline,3,0.4114470842332613
14866,100,baseline,4,0.44311672457507745
14866,100,baseline,5,0.45454972297868346
14866,100,baseline,6,0.4565452155131937
14866,100,baseline,7,0.4569443140200958
14866,100,baseline,8,0.4569443140200958
14866,100,baseline,9,0.4569443140200958
14866,100,baseline,10,0.4569443140200958
14866,100,baseline,11,0.4569443140200958
14866,100,baseline,12,0.4569443140200958
14866,100,baseline,13,0.4569443140200958
14866,100,baseline,14,0.4569443140200958
14866,100,baseline,15,0.4569443140200958
14866,100,baseline,16,0.4569443140200958
14866,100,baseline,17,0.4569443140200958
14866,100,baseline,18,0.4569443140200958
14866,100,baseline,19,0.4569443140200958
14866,100,baseline,20,0.4569443140200958
